{"variables":[],"info":{"name":"","_postman_id":"5e666078-b06b-44e3-8b43-74726d469869","description":"","schema":"https:\/\/schema.getpostman.com\/json\/collection\/v2.0.0\/collection.json"},"item":[{"name":"Address\n\nAll Address related functions","description":"","item":[{"name":"Display a listing of the resource.","request":{"url":"http:\/\/smartwashr.dev2\/api\/v1\/addresses","method":"GET","body":{"mode":"formdata","formdata":[]},"description":"","response":[]}},{"name":"Store a newly created resource in storage.","request":{"url":"http:\/\/smartwashr.dev2\/api\/v1\/addresses","method":"POST","body":{"mode":"formdata","formdata":[{"key":"building_name","value":"numquam","type":"text","enabled":true},{"key":"address","value":"numquam","type":"text","enabled":true},{"key":"address2","value":"numquam","type":"text","enabled":true},{"key":"city","value":"numquam","type":"text","enabled":true},{"key":"district","value":"numquam","type":"text","enabled":true},{"key":"postal_code","value":"numquam","type":"text","enabled":true},{"key":"phone","value":"numquam","type":"text","enabled":true},{"key":"lat","value":"numquam","type":"text","enabled":true},{"key":"lng","value":"numquam","type":"text","enabled":true}]},"description":"","response":[]}},{"name":"Remove the specified resource from storage.","request":{"url":"http:\/\/smartwashr.dev2\/api\/v1\/addresses\/{address}","method":"DELETE","body":{"mode":"formdata","formdata":[]},"description":"","response":[]}},{"name":"Update the specified resource in storage.","request":{"url":"http:\/\/smartwashr.dev2\/api\/v1\/addresses\/{id}","method":"POST","body":{"mode":"formdata","formdata":[{"key":"building_name","value":"vitae","type":"text","enabled":true},{"key":"address","value":"vitae","type":"text","enabled":true},{"key":"address2","value":"vitae","type":"text","enabled":true},{"key":"city","value":"vitae","type":"text","enabled":true},{"key":"district","value":"vitae","type":"text","enabled":true},{"key":"postal_code","value":"vitae","type":"text","enabled":true},{"key":"phone","value":"vitae","type":"text","enabled":true},{"key":"lat","value":"vitae","type":"text","enabled":true},{"key":"lng","value":"vitae","type":"text","enabled":true}]},"description":"","response":[]}}]},{"name":"Auth\n\nAll auth related functions","description":"","item":[{"name":"Register User.","request":{"url":"http:\/\/smartwashr.dev2\/api\/v1\/register","method":"POST","body":{"mode":"formdata","formdata":[{"key":"full_name","value":"dolor","type":"text","enabled":true},{"key":"email","value":"mwilkinson@example.com","type":"text","enabled":true},{"key":"phone","value":"dolor","type":"text","enabled":true},{"key":"password","value":"dolor","type":"text","enabled":true},{"key":"password_confirmation","value":"dolor","type":"text","enabled":true},{"key":"profile_pic","value":"dolor","type":"text","enabled":true},{"key":"device_token","value":"dolor","type":"text","enabled":true},{"key":"agent_info","value":"dolor","type":"text","enabled":true}]},"description":"","response":[]}},{"name":"Log the user in.","request":{"url":"http:\/\/smartwashr.dev2\/api\/v1\/login","method":"POST","body":{"mode":"formdata","formdata":[{"key":"email","value":"harmon85@example.com","type":"text","enabled":true},{"key":"password","value":"dolorum","type":"text","enabled":true},{"key":"device_token","value":"dolorum","type":"text","enabled":true},{"key":"agent_info","value":"dolorum","type":"text","enabled":true}]},"description":"","response":[]}},{"name":"login via facebook.","request":{"url":"http:\/\/smartwashr.dev2\/api\/v1\/social-login","method":"POST","body":{"mode":"formdata","formdata":[{"key":"full_name","value":"nostrum","type":"text","enabled":true},{"key":"email","value":"queen.heller@example.net","type":"text","enabled":true},{"key":"phone","value":"nostrum","type":"text","enabled":true},{"key":"profile_pic","value":"http:\/\/www.wiegand.net\/nobis-enim-vitae-itaque-quia-et","type":"text","enabled":true},{"key":"device_token","value":"nostrum","type":"text","enabled":true},{"key":"agent_info","value":"nostrum","type":"text","enabled":true},{"key":"fb_id","value":"nostrum","type":"text","enabled":true}]},"description":"","response":[]}},{"name":"Log the user out (Invalidate the token).","request":{"url":"http:\/\/smartwashr.dev2\/api\/v1\/logout","method":"POST","body":{"mode":"formdata","formdata":[{"key":"fcm_token","value":"velit","type":"text","enabled":true}]},"description":"","response":[]}},{"name":"Refresh a token.","request":{"url":"http:\/\/smartwashr.dev2\/api\/v1\/refresh","method":"POST","body":{"mode":"formdata","formdata":[]},"description":"","response":[]}}]},{"name":"Coupon\n\nAll Coupon related functions","description":"","item":[{"name":"http:\/\/smartwashr.dev2\/api\/v1\/coupon\/validate","request":{"url":"http:\/\/smartwashr.dev2\/api\/v1\/coupon\/validate","method":"POST","body":{"mode":"formdata","formdata":[{"key":"coupon_code","value":"earum","type":"text","enabled":true},{"key":"price","value":456494818,"type":"text","enabled":true}]},"description":"","response":[]}}]},{"name":"Driver App\n\nAll orders related functions","description":"","item":[{"name":"Display a listing of the orders with status.","request":{"url":"http:\/\/smartwashr.dev2\/api\/v1\/driver-app\/orders","method":"GET","body":{"mode":"formdata","formdata":[{"key":"status","value":"received","type":"text","enabled":true}]},"description":"","response":[]}},{"name":"Display all availible statuses.","request":{"url":"http:\/\/smartwashr.dev2\/api\/v1\/driver-app\/statuses","method":"GET","body":{"mode":"formdata","formdata":[]},"description":"","response":[]}},{"name":"Update order.","request":{"url":"http:\/\/smartwashr.dev2\/api\/v1\/driver-app\/order\/update","method":"POST","body":{"mode":"formdata","formdata":[{"key":"order_id","value":2,"type":"text","enabled":true},{"key":"pickup_time","value":"2018-08-20 15:23:th","type":"text","enabled":true},{"key":"delivery_time","value":"2018-08-20 15:23:23","type":"text","enabled":true},{"key":"orderstatus_id","value":"1","type":"text","enabled":true}]},"description":"","response":[]}},{"name":"Delete single order detail.","request":{"url":"http:\/\/smartwashr.dev2\/api\/v1\/driver-app\/order-detail\/delete","method":"POST","body":{"mode":"formdata","formdata":[{"key":"detail_id","value":818761102,"type":"text","enabled":true}]},"description":"","response":[]}},{"name":"Insert single order detail.","request":{"url":"http:\/\/smartwashr.dev2\/api\/v1\/driver-app\/order-detail\/add","method":"POST","body":{"mode":"formdata","formdata":[{"key":"order_id","value":34,"type":"text","enabled":true},{"key":"product_id","value":34,"type":"text","enabled":true},{"key":"service_id","value":34,"type":"text","enabled":true},{"key":"qty","value":34,"type":"text","enabled":true},{"key":"paid_price","value":34,"type":"text","enabled":true},{"key":"laundry_price","value":34,"type":"text","enabled":true}]},"description":"","response":[]}},{"name":"Get form data for add order detail","request":{"url":"http:\/\/smartwashr.dev2\/api\/v1\/driver-app\/order-detail\/get-form-data","method":"POST","body":{"mode":"formdata","formdata":[{"key":"order_id","value":"soluta","type":"text","enabled":true}]},"description":"","response":[]}},{"name":"Update client via push message","request":{"url":"http:\/\/smartwashr.dev2\/api\/v1\/driver-app\/order\/client-push-message","method":"POST","body":{"mode":"formdata","formdata":[{"key":"order_id","value":84,"type":"text","enabled":true}]},"description":"","response":[]}},{"name":"Send invoice to client email","request":{"url":"http:\/\/smartwashr.dev2\/api\/v1\/driver-app\/order\/client-invoice-email","method":"POST","body":{"mode":"formdata","formdata":[{"key":"order_id","value":14,"type":"text","enabled":true}]},"description":"","response":[]}}]},{"name":"FAQs\n\nAll FAQs related functions","description":"","item":[{"name":"Return the faqs.","request":{"url":"http:\/\/smartwashr.dev2\/api\/v1\/faqs","method":"GET","body":{"mode":"formdata","formdata":[]},"description":"","response":[]}},{"name":"Return the specified resource.","request":{"url":"http:\/\/smartwashr.dev2\/api\/v1\/faqs\/{faq}","method":"GET","body":{"mode":"formdata","formdata":[]},"description":"","response":[]}}]},{"name":"Orders\n\nAll orders related functions","description":"","item":[{"name":"Pickup and Delievery time","request":{"url":"http:\/\/smartwashr.dev2\/api\/v1\/get-operationals-hr","method":"POST","body":{"mode":"formdata","formdata":[{"key":"current_hr","value":15,"type":"text","enabled":true}]},"description":"","response":[]}},{"name":"Display a listing of the resource.","request":{"url":"http:\/\/smartwashr.dev2\/api\/v1\/order","method":"GET","body":{"mode":"formdata","formdata":[{"key":"status","value":"active","type":"text","enabled":true}]},"description":"","response":[]}},{"name":"Store a newly created resource in storage.","request":{"url":"http:\/\/smartwashr.dev2\/api\/v1\/order","method":"POST","body":{"mode":"formdata","formdata":[{"key":"products","value":"laborum","type":"text","enabled":true},{"key":"payment_method","value":"paytabs","type":"text","enabled":true},{"key":"coupon_id","value":367529,"type":"text","enabled":true},{"key":"pickup_time","value":"20-08-2018 15:23","type":"text","enabled":true},{"key":"delivery_time","value":"20-08-2018 15:23","type":"text","enabled":true},{"key":"user_comments","value":"laborum","type":"text","enabled":true},{"key":"address","value":"laborum","type":"text","enabled":true},{"key":"lat","value":367529,"type":"text","enabled":true},{"key":"lng","value":367529,"type":"text","enabled":true},{"key":"driver_id","value":367529,"type":"text","enabled":true},{"key":"products.1.qty","value":367529,"type":"text","enabled":true},{"key":"products.1.id","value":367529,"type":"text","enabled":true},{"key":"products.1.service_id","value":367529,"type":"text","enabled":true}]},"description":"","response":[]}},{"name":"Display the specified resource.","request":{"url":"http:\/\/smartwashr.dev2\/api\/v1\/order\/{order}","method":"GET","body":{"mode":"formdata","formdata":[]},"description":"","response":[]}},{"name":"Update the specified resource in storage.","request":{"url":"http:\/\/smartwashr.dev2\/api\/v1\/order\/{order}","method":"PUT","body":{"mode":"formdata","formdata":[]},"description":"","response":[]}},{"name":"Skip order process by client","request":{"url":"http:\/\/smartwashr.dev2\/api\/v1\/skip-order","method":"POST","body":{"mode":"formdata","formdata":[{"key":"address","value":"deleniti","type":"text","enabled":true},{"key":"lat","value":22883,"type":"text","enabled":true},{"key":"lng","value":22883,"type":"text","enabled":true},{"key":"driver_id","value":22883,"type":"text","enabled":true},{"key":"delivery_time","value":"deleniti","type":"text","enabled":true},{"key":"pickup_time","value":"deleniti","type":"text","enabled":true},{"key":"payment_method","value":"cod","type":"text","enabled":true},{"key":"user_comments","value":"deleniti","type":"text","enabled":true}]},"description":"","response":[]}},{"name":"Return client orders.","request":{"url":"http:\/\/smartwashr.dev2\/api\/v1\/client-orders","method":"GET","body":{"mode":"formdata","formdata":[{"key":"status","value":"active","type":"text","enabled":true}]},"description":"","response":[]}},{"name":"Register order complain.","request":{"url":"http:\/\/smartwashr.dev2\/api\/v1\/order-complain","method":"POST","body":{"mode":"formdata","formdata":[{"key":"complain_images","value":"culpa","type":"text","enabled":true},{"key":"description","value":"culpa","type":"text","enabled":true}]},"description":"","response":[]}},{"name":"Check driver on given lat lng.","request":{"url":"http:\/\/smartwashr.dev2\/api\/v1\/get-driver","method":"POST","body":{"mode":"formdata","formdata":[{"key":"lat","value":2,"type":"text","enabled":true},{"key":"lng","value":2,"type":"text","enabled":true}]},"description":"","response":[]}}]},{"name":"Passwords\n\nAll Passwords related functions","description":"","item":[{"name":"Send a reset link to the given user.","request":{"url":"http:\/\/smartwashr.dev2\/api\/v1\/password\/email","method":"POST","body":{"mode":"formdata","formdata":[]},"description":"","response":[]}}]},{"name":"Product\n\nAll categoru and product related functions","description":"","item":[{"name":"Return the categories with products.","request":{"url":"http:\/\/smartwashr.dev2\/api\/v1\/category","method":"GET","body":{"mode":"formdata","formdata":[]},"description":"","response":[]}}]},{"name":"Site settings\n\nAll misc. settings related functions","description":"","item":[{"name":"Display a listing of the resource.","request":{"url":"http:\/\/smartwashr.dev2\/api\/v1\/settings","method":"GET","body":{"mode":"formdata","formdata":[]},"description":"","response":[]}}]},{"name":"Users\n\nAll user related functions","description":"","item":[{"name":"Update profile.","request":{"url":"http:\/\/smartwashr.dev2\/api\/v1\/update-me","method":"POST","body":{"mode":"formdata","formdata":[{"key":"full_name","value":"adipisci","type":"text","enabled":true},{"key":"phone","value":"adipisci","type":"text","enabled":true},{"key":"profile_pic","value":"adipisci","type":"text","enabled":true}]},"description":"","response":[]}},{"name":"Update user password within profile","request":{"url":"http:\/\/smartwashr.dev2\/api\/v1\/change-password","method":"POST","body":{"mode":"formdata","formdata":[{"key":"password","value":"sequi","type":"text","enabled":true},{"key":"password_confirmation","value":"sequi","type":"text","enabled":true}]},"description":"","response":[]}}]},{"name":"general","description":"","item":[{"name":"Return the pages.","request":{"url":"http:\/\/smartwashr.dev2\/api\/v1\/pages","method":"GET","body":{"mode":"formdata","formdata":[]},"description":"","response":[]}},{"name":"Return the specified resource.","request":{"url":"http:\/\/smartwashr.dev2\/api\/v1\/pages\/{page}","method":"GET","body":{"mode":"formdata","formdata":[]},"description":"","response":[]}}]}]}